path,width,height,bytes
assets/logo-mark.png,1290,742,142492
assets/cats/jump.png,416,32,2743
assets/cats/mochi_box.png,128,31,1099
assets/cats/mochi_idle.png,320,28,1594
assets/cats/sit_01.png,45,49,1007
assets/cats/sit_02.png,45,48,1001
assets/cats/sit_03.png,45,48,997
assets/cats/sit_04.png,45,49,998
assets/cats/sit_happy_01.png,44,48,994
assets/cats/sit_happy_02.png,44,48,1010
assets/cats/sleep_row_01.png,64,39,906
assets/cats/sleep_row_02.png,64,38,899
assets/cats/sleep_row_03.png,64,37,894
assets/cats/sleep_row_04.png,64,38,899
assets/cats/sleep_wounds_01.png,384,32,1509
assets/cats/sleep_wounds_02.png,384,32,1155
assets/cats/sleep_wounds_03.png,384,32,1147
assets/cats/sleep_wounds_04.png,384,32,1141
assets/cats/sleep_wounds_05.png,384,32,1184
assets/dog/bark.png,704,33,2297
assets/dog/sleep.png,512,33,1138
assets/food/ball_toy.png,26,24,345
assets/food/food_bag.png,37,66,3532
assets/food/treats_bowl.png,47,41,1694
assets/food/tuna_can.png,22,22,525
assets/office/bookshelf.png,104,132,2911
assets/office/cat_tree.png,89,179,3987
assets/office/plant.png,49,112,1527
assets/office/poster.png,45,67,604
assets/office/wall_art.png,43,93,2015
assets/office/window.png,65,99,1055
assets/ui/bar_hp.png,80,32,553
assets/ui/button_gold.png,58,21,288
assets/ui/catface_01.png,25,22,304
assets/ui/catface_02.png,25,22,303
assets/ui/catface_03.png,25,22,308
assets/ui/catface_04.png,25,22,299
assets/ui/glyph_bag_purple.png,11,12,121
assets/ui/glyph_bag_red.png,11,12,122
assets/ui/glyph_check_red.png,11,9,109
assets/ui/glyph_check_white.png,11,9,108
assets/ui/glyph_dollar_white.png,11,13,121
assets/ui/glyph_gear_red.png,15,16,159
assets/ui/glyph_gear_white.png,15,16,160
assets/ui/glyph_minus_red.png,10,6,92
assets/ui/glyph_mute_white.png,20,14,163
assets/ui/glyph_play_white.png,8,12,105
assets/ui/glyph_plus_red.png,11,11,105
assets/ui/glyph_question_white.png,10,12,122
assets/ui/glyph_speaker_white.png,14,14,131
assets/ui/glyph_x_red.png,12,11,126
assets/ui/glyph_x_white.png,12,11,125
assets/ui/hat_witch.png,23,21,518
assets/ui/hat_wizard.png,23,21,465
assets/ui/nap_cat.png,47,36,2040
assets/ui/panel.png,92,126,4879
assets/ui/paw.png,12,13,159
assets/ui/skull.png,30,29,645
assets/ui/teddy.png,24,25,422
assets/ui/tile_check.png,18,17,222
assets/ui/tile_dollar.png,18,18,245
assets/ui/tile_pause.png,18,18,188
assets/ui/tile_play.png,18,17,213
assets/ui/tile_question.png,18,17,218
assets/ui/tile_x.png,18,17,233
assets/ui/gen/chip.png,128,64,4173
assets/ui/gen/note_off.png,32,32,1202
assets/ui/gen/note_on.png,32,32,1220
assets/ui/gen/parchment.png,256,256,37624
assets/ui/gen/parchment_dim_framed.png,256,256,34565
assets/ui/gen/parchment_framed.png,256,256,36200
assets/ui/gen/pip_empty.png,32,32,741
assets/ui/gen/pip_full.png,32,32,679
assets/ui/gen/rule_diamond.png,32,32,837
assets/ui/gen/wood.png,256,256,40234
assets/ui/gen/wood_framed.png,256,256,39526
assets/ui/gen/venue/blind_pig.png,96,96,2856
assets/ui/gen/venue/fishmonger.png,96,96,3499
assets/ui/gen/venue/hardware.png,96,96,1526
assets/ui/gen/venue/piazza.png,96,96,3908
assets/ui/gen/venue/scene_blind_pig.png,96,96,16390
assets/ui/gen/venue/scene_fishmonger.png,96,96,19058
assets/ui/gen/venue/scene_hardware.png,96,96,18532
assets/ui/gen/venue/scene_piazza.png,96,96,19479
assets/ui/gen/venue/scene_tailor.png,96,96,17429
assets/ui/gen/venue/tailor.png,96,96,4969
assets/cats/mob/al_catpone.png,383,478,233070
assets/cats/mob/bugsy_meowsie.png,272,351,185991
assets/cats/mob/carmela.png,359,414,218539
assets/cats/mob/don_corlemeowne.png,411,437,291076
assets/cats/mob/frankie_fastpaws.png,220,127,38614
assets/cats/mob/jimmy_twotimes.png,266,384,191307
assets/cats/mob/johnny_tightlips.png,230,367,146974
assets/cats/mob/lefty_ruggiero.png,211,378,139694
assets/cats/mob/lefty_ruggiero_alt.png,222,351,137174
assets/cats/mob/lucky_clawciano.png,128,162,38123
assets/cats/mob/mobby_weasel.png,381,344,179802
assets/cats/mob/nicky_squeaker.png,214,352,118327
assets/cats/mob/sammy_bull.png,388,447,239014
assets/cats/mob/sonny_hammer.png,381,347,205896
assets/cats/mob/vinnie_hook.png,266,400,143666
assets/cats/mob/head/al_catpone.png,128,128,24874
assets/cats/mob/head/bugsy_meowsie.png,128,128,35664
assets/cats/mob/head/carmela.png,128,128,29094
assets/cats/mob/head/don_corlemeowne.png,128,128,34067
assets/cats/mob/head/frankie_fastpaws.png,128,128,36221
assets/cats/mob/head/jimmy_twotimes.png,128,128,30693
assets/cats/mob/head/johnny_tightlips.png,128,128,33136
assets/cats/mob/head/lefty_ruggiero.png,128,128,32935
assets/cats/mob/head/lefty_ruggiero_alt.png,128,128,31771
assets/cats/mob/head/lucky_clawciano.png,128,128,34078
assets/cats/mob/head/mobby_weasel.png,128,128,30338
assets/cats/mob/head/nicky_squeaker.png,128,128,27591
assets/cats/mob/head/sammy_bull.png,128,128,30928
assets/cats/mob/head/sonny_hammer.png,128,128,20529
assets/cats/mob/head/vinnie_hook.png,128,128,30205
assets/logo-thecatfather.jpg,1290,968,78755
